ID_Prestamo;Monto;Cuotas pagadas;Proxima cuota;Fecha límite de pago
2;3000000;4;10/6/2019;10/8/2019
3;200000;3;11/6/2019;11/8/2019
4;40000;2;13/6/2019;13/8/2019
5;10000;5;3/6/2019;3/8/2019
6;200000;1;5/6/2019;5/8/2019
7;6544444;3;10/6/2019;10/8/2019
8;230000;6;20/6/2019;20/8/2019
9;120000;2;5/7/2019;5/9/2019
10;430000;1;6/7/2019;6/9/2019
2;4644466.0;0;2/6/2019;2/6/2019
3;4.56415648E8;0;2/6/2019;2/6/2019
2;4644466.0;0;2/6/2019;2/6/2019
3;4.56415648E8;0;2/6/2019;2/6/2019
2;4644466.0;0;2/6/2019;2/6/2019
3;4.56415648E8;0;2/6/2019;2/6/2019
2;4644466.0;0;2/6/2019;2/6/2019
3;4.56415648E8;0;2/6/2019;2/6/2019
2;4644466.0;0;2/6/2019;2/6/2019
3;4.56415648E8;0;2/6/2019;2/6/2019
2;4644466.0;0;2019/06/02;2019/06/02;
3;4.56415648E8;0;2019/06/02;2019/06/02;
2;4644466.0;0;2019/06/02;2019/06/02;
3;4.56415648E8;0;2019/06/02;2019/06/02;
2;4644466.0;0;2019/06/02;2019/06/02;
3;4.56415648E8;0;2019/06/02;2019/06/02;
2;4644466.0;0;2019/06/02;2019/06/02;
3;4.56415648E8;0;2019/06/02;2019/06/02;
2;4644466.0;0;2019/06/02;2019/06/02;
3;4.56415648E8;0;2019/06/02;2019/06/02;
2;4644466.0;0;2019/06/02;2019/06/02;
3;4.56415648E8;0;2019/06/02;2019/06/02;
2;4644466.0;0;2019/06/02;2019/06/02;
3;4.56415648E8;0;2019/06/02;2019/06/02;
2;4644466.0;0;2019/06/02;2019/06/02;
3;4.56415648E8;0;2019/06/02;2019/06/02;
2;4644466.0;0;2019/06/02;2019/06/02;
3;4.56415648E8;0;2019/06/02;2019/06/02;
2;4644466.0;0;2019/06/02;2019/06/02;
3;4.56415648E8;0;2019/06/02;2019/06/02;
2;4644466.0;0;2019/06/02;2019/06/02;
3;4.56415648E8;0;2019/06/02;2019/06/02;
2;4644466.0;0;2019/06/02;2019/06/02;
3;4.56415648E8;0;2019/06/02;2019/06/02;
2;4644466.0;0;2019/06/02;2019/06/02;
3;4.56415648E8;0;2019/06/02;2019/06/02;
2;4644466.0;0;2019/06/02;2019/06/02;
3;4.56415648E8;0;2019/06/02;2019/06/02;
2;4644466.0;0;2019/06/02;2019/06/02;
3;4.56415648E8;0;2019/06/02;2019/06/02;
2;4644466.0;0;2019/06/02;2019/06/02;
3;4.56415648E8;0;2019/06/02;2019/06/02;
2;4644466.0;0;2019/06/02;2019/06/02;
3;4.56415648E8;0;2019/06/02;2019/06/02;
2;4644466.0;0;2019/06/02;2019/06/02;
3;4.56415648E8;0;2019/06/02;2019/06/02;
2;4644466.0;0;2019/06/02;2019/06/02;
3;4.56415648E8;0;2019/06/02;2019/06/02;
2;4644466.0;0;2019/06/02;2019/06/02;
3;4.56415648E8;0;2019/06/02;2019/06/02;
2;4644466.0;0;2019/06/02;2019/06/02;
3;4.56415648E8;0;2019/06/02;2019/06/02;
2;4644466.0;0;2019/06/02;2019/06/02;
3;4.56415648E8;0;2019/06/02;2019/06/02;
2;4644466.0;0;2019/06/02;2019/06/02;
3;4.56415648E8;0;2019/06/02;2019/06/02;
2;4644466.0;0;2019/06/02;2019/06/02;
3;4.56415648E8;0;2019/06/02;2019/06/02;
2;4644466.0;0;2019/06/02;2019/06/02;
3;4.56415648E8;0;2019/06/02;2019/06/02;
2;4644466.0;0;2019/06/02;2019/06/02;
3;4.56415648E8;0;2019/06/02;2019/06/02;
2;4644466.0;0;2019/06/02;2019/06/02;
3;4.56415648E8;0;2019/06/02;2019/06/02;
2;4644466.0;0;2019/06/02;2019/06/02;
3;4.56415648E8;0;2019/06/02;2019/06/02;
2;4644466.0;0;2019/06/02;2019/06/02;
3;4.56415648E8;0;2019/06/02;2019/06/02;
2;4644466.0;0;2019/06/02;2019/06/02;
3;4.56415648E8;0;2019/06/02;2019/06/02;
2;4644466.0;0;2019/06/02;2019/06/02;
3;4.56415648E8;0;2019/06/02;2019/06/02;
2;4644466.0;0;2019/06/02;2019/06/02;
3;4.56415648E8;0;2019/06/02;2019/06/02;
2;4644466.0;0;2019/06/02;2019/06/02;
3;4.56415648E8;0;2019/06/02;2019/06/02;
2;4644466.0;0;2019/06/02;2019/06/02;
3;4.56415648E8;0;2019/06/02;2019/06/02;
2;4644466.0;0;2019/06/02;2019/06/02;
3;4.56415648E8;0;2019/06/02;2019/06/02;
2;4644466.0;0;2019/06/02;2019/06/02;
3;4.56415648E8;0;2019/06/02;2019/06/02;
2;4644466.0;0;2019/06/02;2019/06/02;
3;4.56415648E8;0;2019/06/02;2019/06/02;
2;4644466.0;0;2019/06/02;2019/06/02;
3;4.56415648E8;0;2019/06/02;2019/06/02;
2;4644466.0;0;2019/06/02;2019/06/02;
3;4.56415648E8;0;2019/06/02;2019/06/02;
2;4644466.0;0;2019/06/02;2019/06/02;
3;4.56415648E8;0;2019/06/02;2019/06/02;
